source_url,source_files,download_url,local_pdf,docling_dir,local_markdown,local_markdown_chunks,docling_toc_md,docling_toc_json,docling_chunks_dir,status,notes
http://agent-trust.camel-ai.org/,LLM Trust Bench_ Research & Implementation.md,https://arxiv.org/pdf/2402.04559.pdf,knowledge_library/papers/arxiv_2402.04559.pdf,knowledge_library/docling/arxiv_2402.04559,,,knowledge_library/docling/arxiv_2402.04559/toc.md,knowledge_library/docling/arxiv_2402.04559/toc.json,knowledge_library/docling/arxiv_2402.04559/chunks,converted_existing,
https://arxiv.org/abs/2203.11171,Literature Review_ Behavioral Economics Experiments and Large Language Models.docx,https://arxiv.org/pdf/2203.11171.pdf,knowledge_library/papers/arxiv_2203.11171.pdf,knowledge_library/docling/arxiv_2203.11171,,,knowledge_library/docling/arxiv_2203.11171/toc.md,knowledge_library/docling/arxiv_2203.11171/toc.json,knowledge_library/docling/arxiv_2203.11171/chunks,converted_existing,
https://arxiv.org/abs/2301.07543,LLM Trust Bench_ Research & Implementation.md,https://arxiv.org/pdf/2301.07543.pdf,knowledge_library/papers/arxiv_2301.07543.pdf,knowledge_library/docling/arxiv_2301.07543,,,knowledge_library/docling/arxiv_2301.07543/toc.md,knowledge_library/docling/arxiv_2301.07543/toc.json,knowledge_library/docling/arxiv_2301.07543/chunks,converted_existing,
https://arxiv.org/abs/2502.03158,Literature Review_ Behavioral Economics Experiments and Large Language Models.docx,https://arxiv.org/pdf/2502.03158.pdf,knowledge_library/papers/arxiv_2502.03158.pdf,knowledge_library/docling/arxiv_2502.03158,,,knowledge_library/docling/arxiv_2502.03158/toc.md,knowledge_library/docling/arxiv_2502.03158/toc.json,knowledge_library/docling/arxiv_2502.03158/chunks,converted_existing,
https://arxiv.org/abs/2502.12504,Literature Review_ Behavioral Economics Experiments and Large Language Models.docx,https://arxiv.org/pdf/2502.12504.pdf,knowledge_library/papers/arxiv_2502.12504.pdf,knowledge_library/docling/arxiv_2502.12504,,,knowledge_library/docling/arxiv_2502.12504/toc.md,knowledge_library/docling/arxiv_2502.12504/toc.json,knowledge_library/docling/arxiv_2502.12504/chunks,converted_existing,
https://arxiv.org/abs/2512.10551,LLM Trust Bench_ Research & Implementation.md,https://arxiv.org/pdf/2512.10551.pdf,knowledge_library/papers/arxiv_2512.10551.pdf,knowledge_library/docling/arxiv_2512.10551,,,knowledge_library/docling/arxiv_2512.10551/toc.md,knowledge_library/docling/arxiv_2512.10551/toc.json,knowledge_library/docling/arxiv_2512.10551/chunks,converted_existing,
https://arxiv.org/html/2312.03664v2,LLM Trust Bench_ Research & Implementation.md,https://arxiv.org/pdf/2312.03664v2.pdf,knowledge_library/papers/arxiv_2312.03664v2.pdf,knowledge_library/docling/arxiv_2312.03664v2,,,knowledge_library/docling/arxiv_2312.03664v2/toc.md,knowledge_library/docling/arxiv_2312.03664v2/toc.json,knowledge_library/docling/arxiv_2312.03664v2/chunks,converted_existing,
https://arxiv.org/html/2501.10868v3,LLM Trust Bench_ Research & Implementation.md,https://arxiv.org/pdf/2501.10868v3.pdf,knowledge_library/papers/arxiv_2501.10868v3.pdf,knowledge_library/docling/arxiv_2501.10868v3,,,knowledge_library/docling/arxiv_2501.10868v3/toc.md,knowledge_library/docling/arxiv_2501.10868v3/toc.json,knowledge_library/docling/arxiv_2501.10868v3/chunks,converted_existing,
https://arxiv.org/html/2501.14250v2,LLM Trust Bench_ Research & Implementation.md,https://arxiv.org/pdf/2501.14250v2.pdf,knowledge_library/papers/arxiv_2501.14250v2.pdf,knowledge_library/docling/arxiv_2501.14250v2,,,knowledge_library/docling/arxiv_2501.14250v2/toc.md,knowledge_library/docling/arxiv_2501.14250v2/toc.json,knowledge_library/docling/arxiv_2501.14250v2/chunks,converted_existing,
https://arxiv.org/html/2501.16173v1,LLM Trust Bench_ Research & Implementation.md,https://arxiv.org/pdf/2501.16173v1.pdf,knowledge_library/papers/arxiv_2501.16173v1.pdf,knowledge_library/docling/arxiv_2501.16173v1,,,knowledge_library/docling/arxiv_2501.16173v1/toc.md,knowledge_library/docling/arxiv_2501.16173v1/toc.json,knowledge_library/docling/arxiv_2501.16173v1/chunks,converted_existing,
https://arxiv.org/html/2502.09053v2,LLM Trust Bench_ Research & Implementation.md,https://arxiv.org/pdf/2502.09053v2.pdf,knowledge_library/papers/arxiv_2502.09053v2.pdf,knowledge_library/docling/arxiv_2502.09053v2,,,knowledge_library/docling/arxiv_2502.09053v2/toc.md,knowledge_library/docling/arxiv_2502.09053v2/toc.json,knowledge_library/docling/arxiv_2502.09053v2/chunks,converted_existing,
https://arxiv.org/html/2508.03262v1,Literature Review_ Behavioral Economics Experiments and Large Language Models.docx,https://arxiv.org/pdf/2508.03262v1.pdf,knowledge_library/papers/arxiv_2508.03262v1.pdf,knowledge_library/docling/arxiv_2508.03262v1,,,knowledge_library/docling/arxiv_2508.03262v1/toc.md,knowledge_library/docling/arxiv_2508.03262v1/toc.json,knowledge_library/docling/arxiv_2508.03262v1/chunks,converted_existing,
https://arxiv.org/html/2509.21862v2,LLM Trust Bench_ Research & Implementation.md,https://arxiv.org/pdf/2509.21862v2.pdf,knowledge_library/papers/arxiv_2509.21862v2.pdf,knowledge_library/docling/arxiv_2509.21862v2,,,knowledge_library/docling/arxiv_2509.21862v2/toc.md,knowledge_library/docling/arxiv_2509.21862v2/toc.json,knowledge_library/docling/arxiv_2509.21862v2/chunks,converted_existing,
https://arxiv.org/html/2512.02445v1,LLM Trust Bench_ Research & Implementation.md,https://arxiv.org/pdf/2512.02445v1.pdf,knowledge_library/papers/arxiv_2512.02445v1.pdf,knowledge_library/docling/arxiv_2512.02445v1,,,knowledge_library/docling/arxiv_2512.02445v1/toc.md,knowledge_library/docling/arxiv_2512.02445v1/toc.json,knowledge_library/docling/arxiv_2512.02445v1/chunks,converted_existing,
https://arxiv.org/pdf/2301.07543,LLM Trust Bench_ Research & Implementation.md,https://arxiv.org/pdf/2301.07543.pdf,knowledge_library/papers/arxiv_2301.07543.pdf,knowledge_library/docling/arxiv_2301.07543,,,knowledge_library/docling/arxiv_2301.07543/toc.md,knowledge_library/docling/arxiv_2301.07543/toc.json,knowledge_library/docling/arxiv_2301.07543/chunks,converted_existing,
https://arxiv.org/pdf/2507.02197,LLM Trust Bench_ Research & Implementation.md,https://arxiv.org/pdf/2507.02197.pdf,knowledge_library/papers/arxiv_2507.02197.pdf,knowledge_library/docling/arxiv_2507.02197,,,knowledge_library/docling/arxiv_2507.02197/toc.md,knowledge_library/docling/arxiv_2507.02197/toc.json,knowledge_library/docling/arxiv_2507.02197/chunks,converted_existing,
https://create.t3.gg/en/introduction,LLM Trust Bench_ Research & Implementation.md,,,,knowledge_library/web/create_t3_gg_introduction.md,knowledge_library/web/chunks/create_t3_gg_introduction/01-preamble.md;knowledge_library/web/chunks/create_t3_gg_introduction/02-[ Introduction ](https---create.t3.gg-en-introduction#overview).md;knowledge_library/web/chunks/create_t3_gg_introduction/03-[The T3 Stack](https---create.t3.gg-en-introduction#the-t3-stack).md;knowledge_library/web/chunks/create_t3_gg_introduction/04-[So… what is create-t3-app- A template-](https---create.t3.gg-en-introduction#so-what-is-create-t3-app-a-template).md;knowledge_library/web/chunks/create_t3_gg_introduction/05-[T3 Axioms](https---create.t3.gg-en-introduction#t3-axioms).md;knowledge_library/web/chunks/create_t3_gg_introduction/06-[Solve Problems](https---create.t3.gg-en-introduction#solve-problems).md;knowledge_library/web/chunks/create_t3_gg_introduction/07-[Bleed Responsibly](https---create.t3.gg-en-introduction#bleed-responsibly).md;knowledge_library/web/chunks/create_t3_gg_introduction/08-[Typesafety Isn’t Optional](https---create.t3.gg-en-introduction#typesafety-isnt-optional).md;knowledge_library/web/chunks/create_t3_gg_introduction/09-More.md;knowledge_library/web/chunks/create_t3_gg_introduction/10-On this page.md;knowledge_library/web/chunks/create_t3_gg_introduction/11-More.md,,,,crawled_existing,no pdf link discovered
https://en.wikipedia.org/wiki/Diamond%E2%80%93Dybvig_model,LLM Trust Bench_ Research & Implementation.md,,,,knowledge_library/web/en_wikipedia_org_Diamond_E2_80_93Dybvig_model.md,knowledge_library/web/chunks/en_wikipedia_org_Diamond_E2_80_93Dybvig_model/01-preamble.md;knowledge_library/web/chunks/en_wikipedia_org_Diamond_E2_80_93Dybvig_model/02-Contents.md;knowledge_library/web/chunks/en_wikipedia_org_Diamond_E2_80_93Dybvig_model/03-Diamond–Dybvig model.md;knowledge_library/web/chunks/en_wikipedia_org_Diamond_E2_80_93Dybvig_model/04-Theory.md;knowledge_library/web/chunks/en_wikipedia_org_Diamond_E2_80_93Dybvig_model/05-Structure of the model.md;knowledge_library/web/chunks/en_wikipedia_org_Diamond_E2_80_93Dybvig_model/06-Nash equilibria of the model.md;knowledge_library/web/chunks/en_wikipedia_org_Diamond_E2_80_93Dybvig_model/07-Policy implications.md;knowledge_library/web/chunks/en_wikipedia_org_Diamond_E2_80_93Dybvig_model/08-Case from US economic history.md;knowledge_library/web/chunks/en_wikipedia_org_Diamond_E2_80_93Dybvig_model/09-See also.md;knowledge_library/web/chunks/en_wikipedia_org_Diamond_E2_80_93Dybvig_model/10-References.md;knowledge_library/web/chunks/en_wikipedia_org_Diamond_E2_80_93Dybvig_model/11-Further reading.md,,,,crawled_existing,no pdf link discovered
https://github.com/T3-Content/skatebench,LLM Trust Bench_ Research & Implementation.md,,,,knowledge_library/web/github_com_skatebench.md,"knowledge_library/web/chunks/github_com_skatebench/01-preamble.md;knowledge_library/web/chunks/github_com_skatebench/02-Navigation Menu.md;knowledge_library/web/chunks/github_com_skatebench/03-Search code, repositories, users, issues, pull requests....md;knowledge_library/web/chunks/github_com_skatebench/04-Provide feedback.md;knowledge_library/web/chunks/github_com_skatebench/05-Saved searches.md;knowledge_library/web/chunks/github_com_skatebench/06-Use saved searches to filter your results more quickly.md;knowledge_library/web/chunks/github_com_skatebench/07-License.md;knowledge_library/web/chunks/github_com_skatebench/08-[ Uh oh!  ](https---github.com-T3-Content-skatebench-security).md;knowledge_library/web/chunks/github_com_skatebench/09-T3-Content-skatebench.md;knowledge_library/web/chunks/github_com_skatebench/10-Folders and files.md;knowledge_library/web/chunks/github_com_skatebench/11-Latest commit.md;knowledge_library/web/chunks/github_com_skatebench/12-History.md;knowledge_library/web/chunks/github_com_skatebench/13-Repository files navigation.md;knowledge_library/web/chunks/github_com_skatebench/14-skatebench.md;knowledge_library/web/chunks/github_com_skatebench/15-About.md;knowledge_library/web/chunks/github_com_skatebench/16-Resources.md;knowledge_library/web/chunks/github_com_skatebench/17-License.md;knowledge_library/web/chunks/github_com_skatebench/18-Uh oh!.md;knowledge_library/web/chunks/github_com_skatebench/19-Stars.md;knowledge_library/web/chunks/github_com_skatebench/20-Watchers.md;knowledge_library/web/chunks/github_com_skatebench/21-Forks.md;knowledge_library/web/chunks/github_com_skatebench/22-[Releases](https---github.com-T3-Content-skatebench-releases).md;knowledge_library/web/chunks/github_com_skatebench/23-[Packages 0](https---github.com-orgs-T3-Content-packages-repo_name=skatebench).md;knowledge_library/web/chunks/github_com_skatebench/24-Languages.md;knowledge_library/web/chunks/github_com_skatebench/25-Footer.md;knowledge_library/web/chunks/github_com_skatebench/26-Footer navigation.md",,,,crawled_existing,no pdf link discovered
https://github.com/camel-ai/agent-trust,LLM Trust Bench_ Research & Implementation.md,,,,knowledge_library/web/github_com_agent_trust.md,"knowledge_library/web/chunks/github_com_agent_trust/01-preamble.md;knowledge_library/web/chunks/github_com_agent_trust/02-Navigation Menu.md;knowledge_library/web/chunks/github_com_agent_trust/03-Search code, repositories, users, issues, pull requests....md;knowledge_library/web/chunks/github_com_agent_trust/04-Provide feedback.md;knowledge_library/web/chunks/github_com_agent_trust/05-Saved searches.md;knowledge_library/web/chunks/github_com_agent_trust/06-Use saved searches to filter your results more quickly.md;knowledge_library/web/chunks/github_com_agent_trust/07-[ Uh oh!  ](https---github.com-camel-ai-agent-trust-security).md;knowledge_library/web/chunks/github_com_agent_trust/08-camel-ai-agent-trust.md;knowledge_library/web/chunks/github_com_agent_trust/09-Folders and files.md;knowledge_library/web/chunks/github_com_agent_trust/10-Latest commit.md;knowledge_library/web/chunks/github_com_agent_trust/11-History.md;knowledge_library/web/chunks/github_com_agent_trust/12-Repository files navigation.md;knowledge_library/web/chunks/github_com_agent_trust/13-Can Large Language Model Agents Simulate Human Trust Behavior- (NeurIPS 2024).md;knowledge_library/web/chunks/github_com_agent_trust/14-Framework.md;knowledge_library/web/chunks/github_com_agent_trust/15-Experiment Results.md;knowledge_library/web/chunks/github_com_agent_trust/16-Setting Up the Experiment Environment.md;knowledge_library/web/chunks/github_com_agent_trust/17-Running Trust Games Demos Locally.md;knowledge_library/web/chunks/github_com_agent_trust/18-Non-Repeated Trust Game Demo.md;knowledge_library/web/chunks/github_com_agent_trust/19-Repeated Trust Game Demo.md;knowledge_library/web/chunks/github_com_agent_trust/20-Experiment Code Overview.md;knowledge_library/web/chunks/github_com_agent_trust/21-Open-Source Models.md;knowledge_library/web/chunks/github_com_agent_trust/22-Game Prompts.md;knowledge_library/web/chunks/github_com_agent_trust/23-Running the Experiments.md;knowledge_library/web/chunks/github_com_agent_trust/24-No Repeated Trust Game.md;knowledge_library/web/chunks/github_com_agent_trust/25-Repeated Trust Game Experiment.md;knowledge_library/web/chunks/github_com_agent_trust/26-Web Interface for Experiments.md;knowledge_library/web/chunks/github_com_agent_trust/27-Citation.md;knowledge_library/web/chunks/github_com_agent_trust/28-About.md;knowledge_library/web/chunks/github_com_agent_trust/29-Resources.md;knowledge_library/web/chunks/github_com_agent_trust/30-Uh oh!.md;knowledge_library/web/chunks/github_com_agent_trust/31-Stars.md;knowledge_library/web/chunks/github_com_agent_trust/32-Watchers.md;knowledge_library/web/chunks/github_com_agent_trust/33-Forks.md;knowledge_library/web/chunks/github_com_agent_trust/34-[Releases](https---github.com-camel-ai-agent-trust-releases).md;knowledge_library/web/chunks/github_com_agent_trust/35-[Packages 0](https---github.com-orgs-camel-ai-packages-repo_name=agent-trust).md;knowledge_library/web/chunks/github_com_agent_trust/36-Uh oh!.md;knowledge_library/web/chunks/github_com_agent_trust/37-[Contributors 3](https---github.com-camel-ai-agent-trust-graphs-contributors).md;knowledge_library/web/chunks/github_com_agent_trust/38-Languages.md;knowledge_library/web/chunks/github_com_agent_trust/39-Footer.md;knowledge_library/web/chunks/github_com_agent_trust/40-Footer navigation.md",,,,crawled_existing,no pdf link discovered
https://ideas.repec.org/p/arx/papers/2301.07543.html,LLM Trust Bench_ Research & Implementation.md,,,,knowledge_library/web/ideas_repec_org_2301_07543_html.md,"knowledge_library/web/chunks/ideas_repec_org_2301_07543_html/01-preamble.md;knowledge_library/web/chunks/ideas_repec_org_2301_07543_html/02-Browse Econ Literature.md;knowledge_library/web/chunks/ideas_repec_org_2301_07543_html/03-More features.md;knowledge_library/web/chunks/ideas_repec_org_2301_07543_html/04-Large Language Models as Simulated Economic Agents- What Can We Learn from Homo Silicus-.md;knowledge_library/web/chunks/ideas_repec_org_2301_07543_html/05-Author.md;knowledge_library/web/chunks/ideas_repec_org_2301_07543_html/06-Abstract.md;knowledge_library/web/chunks/ideas_repec_org_2301_07543_html/07-Suggested Citation.md;knowledge_library/web/chunks/ideas_repec_org_2301_07543_html/08-Download full text from publisher.md;knowledge_library/web/chunks/ideas_repec_org_2301_07543_html/09-References listed on IDEAS.md;knowledge_library/web/chunks/ideas_repec_org_2301_07543_html/10-Most related items.md;knowledge_library/web/chunks/ideas_repec_org_2301_07543_html/11-More about this item.md;knowledge_library/web/chunks/ideas_repec_org_2301_07543_html/12-NEP fields.md;knowledge_library/web/chunks/ideas_repec_org_2301_07543_html/13-Statistics.md;knowledge_library/web/chunks/ideas_repec_org_2301_07543_html/14-Corrections.md;knowledge_library/web/chunks/ideas_repec_org_2301_07543_html/15-More services and features.md;knowledge_library/web/chunks/ideas_repec_org_2301_07543_html/16-[MyIDEAS Follow serials, authors, keywords & more ](https---ideas.repec.org-cgi-bin-myideas.cgi) #### [Author registrati-b1d940.md;knowledge_library/web/chunks/ideas_repec_org_2301_07543_html/17-[MPRA  Upload your paper to be listed on RePEc and IDEAS ](http---mpra.ub.uni-muenchen.de-) #### [New papers by email  S-d54efb.md;knowledge_library/web/chunks/ideas_repec_org_2301_07543_html/18-About RePEc.md;knowledge_library/web/chunks/ideas_repec_org_2301_07543_html/19-[RePEc home  Initiative for open bibliographies in Economics ](http---repec.org-) #### [Blog  News about RePEc ](http----934cc4.md;knowledge_library/web/chunks/ideas_repec_org_2301_07543_html/20-Help us.md;knowledge_library/web/chunks/ideas_repec_org_2301_07543_html/21-[Corrections Found an error or omission- ](https---ideas.repec.org-corrections.html) #### [Volunteers Opportunities to h-0f9026.md",,,,crawled_existing,no pdf link discovered
https://llm-guardrails-security.github.io/presentations/ACL_2025_Tutorial_LLM_Guardrails_Security_Agent_Safety.pdf,LLM Trust Bench_ Research & Implementation.md,https://llm-guardrails-security.github.io/presentations/ACL_2025_Tutorial_LLM_Guardrails_Security_Agent_Safety.pdf,knowledge_library/papers/llm-guardrails-security_github_io_ACL_2025_Tutorial_LLM_Guardrails_Security_Agent_Safety.pdf,knowledge_library/docling/llm-guardrails-security_github_io_ACL_2025_Tutorial_LLM_Guardrails_Security_Agent_Safety,,,knowledge_library/docling/llm-guardrails-security_github_io_ACL_2025_Tutorial_LLM_Guardrails_Security_Agent_Safety/toc.md,knowledge_library/docling/llm-guardrails-security_github_io_ACL_2025_Tutorial_LLM_Guardrails_Security_Agent_Safety/toc.json,knowledge_library/docling/llm-guardrails-security_github_io_ACL_2025_Tutorial_LLM_Guardrails_Security_Agent_Safety/chunks,converted_existing,
https://news.stanford.edu/stories/2025/07/ai-social-science-research-simulated-human-subjects,Literature Review_ Behavioral Economics Experiments and Large Language Models.docx,,,,knowledge_library/web/news_stanford_edu_ai_social_science_research_simulated_human_subjects.md,"knowledge_library/web/chunks/news_stanford_edu_ai_social_science_research_simulated_human_subjects/01-preamble.md;knowledge_library/web/chunks/news_stanford_edu_ai_social_science_research_simulated_human_subjects/02-Social science researchers use AI to simulate human subjects.md;knowledge_library/web/chunks/news_stanford_edu_ai_social_science_research_simulated_human_subjects/03-Read next-.md;knowledge_library/web/chunks/news_stanford_edu_ai_social_science_research_simulated_human_subjects/04-Along with Stanford news and stories, show me-.md;knowledge_library/web/chunks/news_stanford_edu_ai_social_science_research_simulated_human_subjects/05-Stanford Report cookie usage information.md;knowledge_library/web/chunks/news_stanford_edu_ai_social_science_research_simulated_human_subjects/06-Social science researchers use AI to simulate human subjects.md;knowledge_library/web/chunks/news_stanford_edu_ai_social_science_research_simulated_human_subjects/07-Evaluating AI as human proxy.md;knowledge_library/web/chunks/news_stanford_edu_ai_social_science_research_simulated_human_subjects/08-AI is narrow-minded.md;knowledge_library/web/chunks/news_stanford_edu_ai_social_science_research_simulated_human_subjects/09-Other challenges- validation, bias, sycophancy, and more.md;knowledge_library/web/chunks/news_stanford_edu_ai_social_science_research_simulated_human_subjects/10-Current best practice- A hybrid approach.md;knowledge_library/web/chunks/news_stanford_edu_ai_social_science_research_simulated_human_subjects/11-For more information.md;knowledge_library/web/chunks/news_stanford_edu_ai_social_science_research_simulated_human_subjects/12-Writer.md;knowledge_library/web/chunks/news_stanford_edu_ai_social_science_research_simulated_human_subjects/13-Campus unit.md;knowledge_library/web/chunks/news_stanford_edu_ai_social_science_research_simulated_human_subjects/14-Related topics.md;knowledge_library/web/chunks/news_stanford_edu_ai_social_science_research_simulated_human_subjects/15-Share this story.md;knowledge_library/web/chunks/news_stanford_edu_ai_social_science_research_simulated_human_subjects/16-Subscribe to Stanford Report.md;knowledge_library/web/chunks/news_stanford_edu_ai_social_science_research_simulated_human_subjects/17-Research Matters.md;knowledge_library/web/chunks/news_stanford_edu_ai_social_science_research_simulated_human_subjects/18-Stories for you.md;knowledge_library/web/chunks/news_stanford_edu_ai_social_science_research_simulated_human_subjects/19-Popular stories.md;knowledge_library/web/chunks/news_stanford_edu_ai_social_science_research_simulated_human_subjects/20-Read next.md;knowledge_library/web/chunks/news_stanford_edu_ai_social_science_research_simulated_human_subjects/21-[ New protective layer boosts lithium metal battery performance ](https---news.stanford.edu-stories-2026-01-solid-electr-7550a2.md;knowledge_library/web/chunks/news_stanford_edu_ai_social_science_research_simulated_human_subjects/22-[ Stanford researchers and Air Force partner to test AI copilots ](https---news.stanford.edu-stories-2026-01-researchers-176b95.md;knowledge_library/web/chunks/news_stanford_edu_ai_social_science_research_simulated_human_subjects/23-[ Empowering users to discern fact from fiction in the age of AI ](https---news.stanford.edu-stories-2026-01-ai-digital--2def5d.md;knowledge_library/web/chunks/news_stanford_edu_ai_social_science_research_simulated_human_subjects/24-[ New material changes color and texture like an octopus ](https---news.stanford.edu-stories-2026-01-flexible-material-c-0e4a2d.md;knowledge_library/web/chunks/news_stanford_edu_ai_social_science_research_simulated_human_subjects/25-[ Rubin Observatory spots fastest-spinning asteroid of its size ](https---news.stanford.edu-stories-2026-01-rubin-observ-bb4adc.md;knowledge_library/web/chunks/news_stanford_edu_ai_social_science_research_simulated_human_subjects/26-[ Synthetic biologists transform waste CO2 into useful chemicals ](https---news.stanford.edu-stories-2026-01-artificial--f12273.md;knowledge_library/web/chunks/news_stanford_edu_ai_social_science_research_simulated_human_subjects/27-[University News](https---news.stanford.edu-university-news).md;knowledge_library/web/chunks/news_stanford_edu_ai_social_science_research_simulated_human_subjects/28-[Research & Scholarship](https---news.stanford.edu-research-and-scholarship).md;knowledge_library/web/chunks/news_stanford_edu_ai_social_science_research_simulated_human_subjects/29-[On Campus](https---news.stanford.edu-on-campus).md;knowledge_library/web/chunks/news_stanford_edu_ai_social_science_research_simulated_human_subjects/30-[Student Experience](https---news.stanford.edu-student-experience).md",,,,crawled_existing,no pdf link discovered
https://openreview.net/pdf/665ce75262e3c2f8a35c3dc83267ceb9788e2242.pdf,LLM Trust Bench_ Research & Implementation.md,https://openreview.net/pdf/665ce75262e3c2f8a35c3dc83267ceb9788e2242.pdf,knowledge_library/papers/openreview_net_665ce75262e3c2f8a35c3dc83267ceb9788e2242.pdf,knowledge_library/docling/openreview_net_665ce75262e3c2f8a35c3dc83267ceb9788e2242,,,knowledge_library/docling/openreview_net_665ce75262e3c2f8a35c3dc83267ceb9788e2242/toc.md,knowledge_library/docling/openreview_net_665ce75262e3c2f8a35c3dc83267ceb9788e2242/toc.json,knowledge_library/docling/openreview_net_665ce75262e3c2f8a35c3dc83267ceb9788e2242/chunks,converted_existing,
https://openreview.net/pdf?id=1BDRPz3hcK,LLM Trust Bench_ Research & Implementation.md,https://openreview.net/pdf?id=1BDRPz3hcK,knowledge_library/papers/openreview_1BDRPz3hcK.pdf,knowledge_library/docling/openreview_1BDRPz3hcK,,,knowledge_library/docling/openreview_1BDRPz3hcK/toc.md,knowledge_library/docling/openreview_1BDRPz3hcK/toc.json,knowledge_library/docling/openreview_1BDRPz3hcK/chunks,converted_existing,
https://proceedings.mlr.press/v202/aher23a/aher23a.pdf,Literature Review_ Behavioral Economics Experiments and Large Language Models.docx,https://proceedings.mlr.press/v202/aher23a/aher23a.pdf,knowledge_library/papers/proceedings_mlr_press_aher23a.pdf,knowledge_library/docling/proceedings_mlr_press_aher23a,,,knowledge_library/docling/proceedings_mlr_press_aher23a/toc.md,knowledge_library/docling/proceedings_mlr_press_aher23a/toc.json,knowledge_library/docling/proceedings_mlr_press_aher23a/chunks,converted_existing,
https://proceedings.neurips.cc/paper_files/paper/2024/file/1cb57fcf7ff3f6d37eebae5becc9ea6d-Paper-Conference.pdf,LLM Trust Bench_ Research & Implementation.md;Literature Review_ Behavioral Economics Experiments and Large Language Models.docx,https://proceedings.neurips.cc/paper_files/paper/2024/file/1cb57fcf7ff3f6d37eebae5becc9ea6d-Paper-Conference.pdf,knowledge_library/papers/proceedings_neurips_cc_1cb57fcf7ff3f6d37eebae5becc9ea6d_Paper_Conference.pdf,knowledge_library/docling/proceedings_neurips_cc_1cb57fcf7ff3f6d37eebae5becc9ea6d_Paper_Conference,,,knowledge_library/docling/proceedings_neurips_cc_1cb57fcf7ff3f6d37eebae5becc9ea6d_Paper_Conference/toc.md,knowledge_library/docling/proceedings_neurips_cc_1cb57fcf7ff3f6d37eebae5becc9ea6d_Paper_Conference/toc.json,knowledge_library/docling/proceedings_neurips_cc_1cb57fcf7ff3f6d37eebae5becc9ea6d_Paper_Conference/chunks,converted_existing,
https://searchengineland.com/google-token-auction-llms-write-ads-real-time-457698,LLM Trust Bench_ Research & Implementation.md,,,,knowledge_library/web/searchengineland_com_google_token_auction_llms_write_ads_real_time_457698.md,"knowledge_library/web/chunks/searchengineland_com_google_token_auction_llms_write_ads_real_time_457698/01-preamble.md;knowledge_library/web/chunks/searchengineland_com_google_token_auction_llms_write_ads_real_time_457698/02-Is your organic traffic disappearing-.md;knowledge_library/web/chunks/searchengineland_com_google_token_auction_llms_write_ads_real_time_457698/03-Google’s token auction- When LLMs write the ads in real time.md;knowledge_library/web/chunks/searchengineland_com_google_token_auction_llms_write_ads_real_time_457698/04-[Table of Contents ](https---searchengineland.com-google-token-auction-llms-write-ads-real-time-457698#TableOfContents).md;knowledge_library/web/chunks/searchengineland_com_google_token_auction_llms_write_ads_real_time_457698/05-Table of Contents.md;knowledge_library/web/chunks/searchengineland_com_google_token_auction_llms_write_ads_real_time_457698/06-Google research shows ads of the future won’t be placed. They’ll be written live by LLMs, shaped token by token through-1504ad.md;knowledge_library/web/chunks/searchengineland_com_google_token_auction_llms_write_ads_real_time_457698/07-Token auction- A generative ad model.md;knowledge_library/web/chunks/searchengineland_com_google_token_auction_llms_write_ads_real_time_457698/08-Redefining brand preferences.md;knowledge_library/web/chunks/searchengineland_com_google_token_auction_llms_write_ads_real_time_457698/09-Preserving privacy, reducing friction.md;knowledge_library/web/chunks/searchengineland_com_google_token_auction_llms_write_ads_real_time_457698/10-Business model- Paying for real influence.md;knowledge_library/web/chunks/searchengineland_com_google_token_auction_llms_write_ads_real_time_457698/11-The simulation- It actually works.md;knowledge_library/web/chunks/searchengineland_com_google_token_auction_llms_write_ads_real_time_457698/12-A glimpse at the ad system of the future.md;knowledge_library/web/chunks/searchengineland_com_google_token_auction_llms_write_ads_real_time_457698/13-What it means for marketers.md;knowledge_library/web/chunks/searchengineland_com_google_token_auction_llms_write_ads_real_time_457698/14-Already starting- Google’s AI ads today.md;knowledge_library/web/chunks/searchengineland_com_google_token_auction_llms_write_ads_real_time_457698/15-The future of paid advertising.md;knowledge_library/web/chunks/searchengineland_com_google_token_auction_llms_write_ads_real_time_457698/16-About the Author.md;knowledge_library/web/chunks/searchengineland_com_google_token_auction_llms_write_ads_real_time_457698/17-Find Your SEO Issues in 30 Seconds.md;knowledge_library/web/chunks/searchengineland_com_google_token_auction_llms_write_ads_real_time_457698/18-Related Articles.md;knowledge_library/web/chunks/searchengineland_com_google_token_auction_llms_write_ads_real_time_457698/19-[The latest jobs in search marketing](https---searchengineland.com-latest-jobs-in-search-marketing-378959).md;knowledge_library/web/chunks/searchengineland_com_google_token_auction_llms_write_ads_real_time_457698/20-[Google AI Overviews cite YouTube most often for health topics- Study](https---searchengineland.com-google-ai-overviews--633efd.md;knowledge_library/web/chunks/searchengineland_com_google_token_auction_llms_write_ads_real_time_457698/21-[Discoverability in 2026- How digital PR and social search work together](https---searchengineland.com-discoverability-i-a16b3a.md;knowledge_library/web/chunks/searchengineland_com_google_token_auction_llms_write_ads_real_time_457698/22-Webinars.md;knowledge_library/web/chunks/searchengineland_com_google_token_auction_llms_write_ads_real_time_457698/23-Intelligence Reports.md;knowledge_library/web/chunks/searchengineland_com_google_token_auction_llms_write_ads_real_time_457698/24-White Papers.md;knowledge_library/web/chunks/searchengineland_com_google_token_auction_llms_write_ads_real_time_457698/25-Find Your SEO Issues in 30 Seconds.md",,,,crawled_existing,no pdf link discovered
https://skatebench.t3.gg/,LLM Trust Bench_ Research & Implementation.md,,,,knowledge_library/web/skatebench_t3_gg_skatebench_t3_gg.md,knowledge_library/web/chunks/skatebench_t3_gg_skatebench_t3_gg/01-SkateBench.md,,,,crawled_existing,no pdf link discovered
https://www.ainews.com/p/llms-show-strategic-personalities-in-140k-prisoner-s-dilemma-tests,LLM Trust Bench_ Research & Implementation.md,,,,knowledge_library/web/www_ainews_com_llms_show_strategic_personalities_in_140k_prisoner_s_dilemma_tests.md,knowledge_library/web/chunks/www_ainews_com_llms_show_strategic_personalities_in_140k_prisoner_s_dilemma_tests/01-preamble.md;knowledge_library/web/chunks/www_ainews_com_llms_show_strategic_personalities_in_140k_prisoner_s_dilemma_tests/02-LLMs Show Strategic Personalities in 140K Prisoner’s Dilemma Tests.md;knowledge_library/web/chunks/www_ainews_com_llms_show_strategic_personalities_in_140k_prisoner_s_dilemma_tests/03---LLMs Show Strategic Personalities in 140K Prisoner’s Dilemma Tests--.md;knowledge_library/web/chunks/www_ainews_com_llms_show_strategic_personalities_in_140k_prisoner_s_dilemma_tests/04---Key Takeaways---.md;knowledge_library/web/chunks/www_ainews_com_llms_show_strategic_personalities_in_140k_prisoner_s_dilemma_tests/05---Strategic Reasoning in LLMs- Study Overview--.md;knowledge_library/web/chunks/www_ainews_com_llms_show_strategic_personalities_in_140k_prisoner_s_dilemma_tests/06---Models Unveil Distinct ‘Personality’ Patterns--.md;knowledge_library/web/chunks/www_ainews_com_llms_show_strategic_personalities_in_140k_prisoner_s_dilemma_tests/07---Implications for High-Level AI Applications--.md;knowledge_library/web/chunks/www_ainews_com_llms_show_strategic_personalities_in_140k_prisoner_s_dilemma_tests/08---Fast Facts for AI Readers--.md;knowledge_library/web/chunks/www_ainews_com_llms_show_strategic_personalities_in_140k_prisoner_s_dilemma_tests/09---What This Means--.md;knowledge_library/web/chunks/www_ainews_com_llms_show_strategic_personalities_in_140k_prisoner_s_dilemma_tests/10-Keep Reading.md;knowledge_library/web/chunks/www_ainews_com_llms_show_strategic_personalities_in_140k_prisoner_s_dilemma_tests/11-AiNews.com.md,,,,crawled_existing,no pdf link discovered
https://www.bankofcanada.ca/wp-content/uploads/2025/11/swp2025-35.pdf,LLM Trust Bench_ Research & Implementation.md,https://www.bankofcanada.ca/wp-content/uploads/2025/11/swp2025-35.pdf,knowledge_library/papers/www_bankofcanada_ca_swp2025_35.pdf,knowledge_library/docling/www_bankofcanada_ca_swp2025_35,,,knowledge_library/docling/www_bankofcanada_ca_swp2025_35/toc.md,knowledge_library/docling/www_bankofcanada_ca_swp2025_35/toc.json,knowledge_library/docling/www_bankofcanada_ca_swp2025_35/chunks,converted_existing,
https://www.bis.org/publ/work1310.pdf,LLM Trust Bench_ Research & Implementation.md,https://www.bis.org/publ/work1310.pdf,knowledge_library/papers/www_bis_org_work1310.pdf,knowledge_library/docling/www_bis_org_work1310,,,knowledge_library/docling/www_bis_org_work1310/toc.md,knowledge_library/docling/www_bis_org_work1310/toc.json,knowledge_library/docling/www_bis_org_work1310/chunks,converted_existing,
https://www.boj.or.jp/en/research/wps_rev/lab/lab25e01.htm,LLM Trust Bench_ Research & Implementation.md,https://proceedings.mlr.press/v202/aher23a/aher23a.pdf,knowledge_library/papers/proceedings_mlr_press_aher23a.pdf,knowledge_library/docling/proceedings_mlr_press_aher23a,,,knowledge_library/docling/proceedings_mlr_press_aher23a/toc.md,knowledge_library/docling/proceedings_mlr_press_aher23a/toc.json,knowledge_library/docling/proceedings_mlr_press_aher23a/chunks,converted_existing,
https://www.emergentmind.com/topics/generative-agent-based-modeling-gabm,LLM Trust Bench_ Research & Implementation.md,,,,knowledge_library/web/www_emergentmind_com_generative_agent_based_modeling_gabm.md,"knowledge_library/web/chunks/www_emergentmind_com_generative_agent_based_modeling_gabm/01-preamble.md;knowledge_library/web/chunks/www_emergentmind_com_generative_agent_based_modeling_gabm/02-Generative Agent-Based Modeling (GABM).md;knowledge_library/web/chunks/www_emergentmind_com_generative_agent_based_modeling_gabm/03-1. Foundations and Theoretical Frameworks.md;knowledge_library/web/chunks/www_emergentmind_com_generative_agent_based_modeling_gabm/04-2. Generative Mechanisms and Mathematical Formalisms.md;knowledge_library/web/chunks/www_emergentmind_com_generative_agent_based_modeling_gabm/05-3. Practical Applications Across Domains.md;knowledge_library/web/chunks/www_emergentmind_com_generative_agent_based_modeling_gabm/06-4. Model Validation, Calibration, and Limitations.md;knowledge_library/web/chunks/www_emergentmind_com_generative_agent_based_modeling_gabm/07-5. Advances, Toolkits, and Implementation Patterns.md;knowledge_library/web/chunks/www_emergentmind_com_generative_agent_based_modeling_gabm/08-6. Interdisciplinary Impact and Research Directions.md;knowledge_library/web/chunks/www_emergentmind_com_generative_agent_based_modeling_gabm/09-7. Summary.md;knowledge_library/web/chunks/www_emergentmind_com_generative_agent_based_modeling_gabm/10-Sponsor.md;knowledge_library/web/chunks/www_emergentmind_com_generative_agent_based_modeling_gabm/11-Whiteboard.md;knowledge_library/web/chunks/www_emergentmind_com_generative_agent_based_modeling_gabm/12-Topic to Video (Beta).md;knowledge_library/web/chunks/www_emergentmind_com_generative_agent_based_modeling_gabm/13-Follow Topic.md;knowledge_library/web/chunks/www_emergentmind_com_generative_agent_based_modeling_gabm/14-Continue Learning.md;knowledge_library/web/chunks/www_emergentmind_com_generative_agent_based_modeling_gabm/15-Related Topics.md",,,,crawled_existing,no pdf link discovered
https://www.ijcai.org/proceedings/2025/1184.pdf,LLM Trust Bench_ Research & Implementation.md,https://www.ijcai.org/proceedings/2025/1184.pdf,knowledge_library/papers/www_ijcai_org_1184.pdf,knowledge_library/docling/www_ijcai_org_1184,,,knowledge_library/docling/www_ijcai_org_1184/toc.md,knowledge_library/docling/www_ijcai_org_1184/toc.json,knowledge_library/docling/www_ijcai_org_1184/chunks,converted_existing,
https://www.jstage.jst.go.jp/browse/pjsai/JSAI2025/0/_contents/-char/en?from=20,Literature Review_ Behavioral Economics Experiments and Large Language Models.docx,,,,knowledge_library/web/www_jstage_jst_go_jp_en.md,knowledge_library/web/chunks/www_jstage_jst_go_jp_en/01-preamble.md;knowledge_library/web/chunks/www_jstage_jst_go_jp_en/02-Register with J-STAGE for free!.md,,,,crawled_existing,no pdf link discovered
https://www.nature.com/articles/s41562-025-02172-y?error=cookies_not_supported&code=b0b07f52-8470-4b5a-97d1-406433083d89,Literature Review_ Behavioral Economics Experiments and Large Language Models.docx,https://www.nature.com/articles/s41562-025-02172-y.pdf,knowledge_library/papers/www_nature_com_s41562_025_02172_y.pdf,knowledge_library/docling/www_nature_com_s41562_025_02172_y,,,knowledge_library/docling/www_nature_com_s41562_025_02172_y/toc.md,knowledge_library/docling/www_nature_com_s41562_025_02172_y/toc.json,knowledge_library/docling/www_nature_com_s41562_025_02172_y/chunks,converted_existing,
https://www.politesi.polimi.it/retrieve/835be253-d694-4f20-b453-65c9d211977c/2024_07_Fontana_ExecutiveSummary.pdf,LLM Trust Bench_ Research & Implementation.md,https://www.politesi.polimi.it/retrieve/835be253-d694-4f20-b453-65c9d211977c/2024_07_Fontana_ExecutiveSummary.pdf,knowledge_library/papers/www_politesi_polimi_it_2024_07_Fontana_ExecutiveSummary.pdf,knowledge_library/docling/www_politesi_polimi_it_2024_07_Fontana_ExecutiveSummary,,,knowledge_library/docling/www_politesi_polimi_it_2024_07_Fontana_ExecutiveSummary/toc.md,knowledge_library/docling/www_politesi_polimi_it_2024_07_Fontana_ExecutiveSummary/toc.json,knowledge_library/docling/www_politesi_polimi_it_2024_07_Fontana_ExecutiveSummary/chunks,converted_existing,
https://www.researchgate.net/publication/377439310_Generative_agent-based_modeling_an_introduction_and_tutorial,LLM Trust Bench_ Research & Implementation.md,,,,knowledge_library/web/www_researchgate_net_377439310_Generative_agent_based_modeling_an_introduction_and_tutorial.md,knowledge_library/web/chunks/www_researchgate_net_377439310_Generative_agent_based_modeling_an_introduction_and_tutorial/01-preamble.md;knowledge_library/web/chunks/www_researchgate_net_377439310_Generative_agent_based_modeling_an_introduction_and_tutorial/02-Security check required.md,,,,crawled_existing,no pdf link discovered
https://www.researchgate.net/publication/378073258_Can_Large_Language_Model_Agents_Simulate_Human_Trust_Behaviors,LLM Trust Bench_ Research & Implementation.md,,,,knowledge_library/web/www_researchgate_net_378073258_Can_Large_Language_Model_Agents_Simulate_Human_Trust_Behaviors.md,knowledge_library/web/chunks/www_researchgate_net_378073258_Can_Large_Language_Model_Agents_Simulate_Human_Trust_Behaviors/01-preamble.md;knowledge_library/web/chunks/www_researchgate_net_378073258_Can_Large_Language_Model_Agents_Simulate_Human_Trust_Behaviors/02-Security check required.md,,,,crawled_existing,no pdf link discovered
https://www2.gwu.edu/~forcpgm/2025-005.pdf,LLM Trust Bench_ Research & Implementation.md,https://www2.gwu.edu/~forcpgm/2025-005.pdf,knowledge_library/papers/www2_gwu_edu_2025_005.pdf,knowledge_library/docling/www2_gwu_edu_2025_005,,,knowledge_library/docling/www2_gwu_edu_2025_005/toc.md,knowledge_library/docling/www2_gwu_edu_2025_005/toc.json,knowledge_library/docling/www2_gwu_edu_2025_005/chunks,converted_existing,
